{"_timestamp":1.7440532121149876e+09,"_wandb":{"runtime":7935},"time/fps":12,"global_step":100000,"_runtime":7935.554058652,"gradients/critic.qf0.4.weight":{"bins":[-13.407675743103027,-13.19818115234375,-12.988685607910156,-12.779191017150879,-12.569696426391602,-12.360200881958008,-12.15070629119873,-11.941210746765137,-11.73171615600586,-11.522221565246582,-11.312726020812988,-11.103231430053711,-10.893736839294434,-10.68424129486084,-10.474746704101562,-10.265252113342285,-10.055756568908691,-9.846261978149414,-9.636767387390137,-9.427271842956543,-9.217777252197266,-9.008281707763672,-8.798787117004395,-8.589292526245117,-8.379796981811523,-8.170302391052246,-7.9608073234558105,-7.751312732696533,-7.541817665100098,-7.332322597503662,-7.122827529907227,-6.913332939147949,-6.703837871551514,-6.494342803955078,-6.284848213195801,-6.075353145599365,-5.86585807800293,-5.656363010406494,-5.446868419647217,-5.237373352050781,-5.027878284454346,-4.818383693695068,-4.608888626098633,-4.399393558502197,-4.189898490905762,-3.9804036617279053,-3.770908832550049,-3.5614137649536133,-3.351918935775757,-3.1424241065979004,-2.932929039001465,-2.7234342098236084,-2.513939142227173,-2.3044443130493164,-2.094949245452881,-1.8854544162750244,-1.6759594678878784,-1.4664645195007324,-1.2569695711135864,-1.0474746227264404,-0.8379797339439392,-0.6284847855567932,-0.4189898669719696,-0.2094949334859848,0],"_type":"histogram","values":[1,0,0,0,0,0,1,0,0,0,0,0,0,0,0,0,0,0,0,0,0,1,0,0,0,1,0,1,0,2,0,0,0,0,0,0,1,1,1,1,0,3,0,1,1,0,1,0,1,0,0,0,0,0,0,1,0,1,0,3,6,6,5,260]},"gradients/actor.mu.4.weight":{"bins":[-0.0072447070851922035,-0.005709725897759199,-0.004174744710326195,-0.002639763057231903,-0.0011047818697988987,0.0004301994340494275,0.0019651807378977537,0.0035001621581614017,0.005035143345594406,0.0065701245330274105,0.008105105720460415,0.009640087373554707,0.011175068095326424,0.012710049748420715,0.014245031401515007,0.0157800130546093,0.01731499284505844,0.018849974498152733,0.020384956151247025,0.021919937804341316,0.023454919457435608,0.0249899011105299,0.026524880900979042,0.028059862554073334,0.029594844207167625,0.031129825860261917,0.03266480565071106,0.0341997891664505,0.03573476895689964,0.037269752472639084,0.038804732263088226,0.04033971205353737,0.04187469556927681,0.04340967535972595,0.04494465887546539,0.046479638665914536,0.048014622181653976,0.04954960197210312,0.05108458176255226,0.0526195652782917,0.054154545068740845,0.055689528584480286,0.05722450837492943,0.05875948816537857,0.06029447168111801,0.061829451471567154,0.0633644312620163,0.06489941477775574,0.06643439829349518,0.06796937435865402,0.06950435787439346,0.0710393413901329,0.07257432490587234,0.07410930097103119,0.07564428448677063,0.07717926800251007,0.07871424406766891,0.08024922758340836,0.0817842110991478,0.08331918716430664,0.08485417068004608,0.08638915419578552,0.08792413771152496,0.08945911377668381,0.09099409729242325],"_type":"histogram","values":[2,0,1,3,280,1,2,4,1,1,0,1,0,1,0,0,0,0,0,0,0,0,0,0,0,0,0,0,0,0,1,0,0,0,0,1,0,0,0,0,0,0,0,0,0,0,0,0,0,0,0,0,0,0,0,0,0,0,0,0,0,0,0,1]},"gradients/critic.qf0.2.bias":{"_type":"histogram","values":[1,0,0,0,0,0,0,0,1,0,0,0,0,0,0,0,0,0,0,0,0,0,0,0,0,0,0,0,0,0,0,0,0,0,0,0,253,25,7,2,1,6,0,0,1,0,0,1,0,1,0,0,0,0,0,0,0,0,0,0,0,0,0,1],"bins":[-1.241695761680603,-1.2074611186981201,-1.1732263565063477,-1.1389915943145752,-1.1047569513320923,-1.0705223083496094,-1.036287546157837,-1.0020527839660645,-0.9678181409835815,-0.9335834383964539,-0.8993487358093262,-0.8651140332221985,-0.8308793306350708,-0.7966446280479431,-0.7624099254608154,-0.7281752228736877,-0.6939405202865601,-0.6597058176994324,-0.6254711151123047,-0.591236412525177,-0.5570017099380493,-0.5227670073509216,-0.48853230476379395,-0.45429760217666626,-0.4200628995895386,-0.3858281970024109,-0.3515934944152832,-0.3173587918281555,-0.28312408924102783,-0.24888938665390015,-0.21465468406677246,-0.18041998147964478,-0.1461852788925171,-0.1119505763053894,-0.07771587371826172,-0.04348117113113403,-0.009246468544006348,0.024988234043121338,0.05922293663024902,0.09345763921737671,0.1276923418045044,0.16192704439163208,0.19616174697875977,0.23039644956588745,0.26463115215301514,0.2988658547401428,0.3331005573272705,0.3673352599143982,0.4015699625015259,0.43580466508865356,0.47003936767578125,0.5042740702629089,0.5385087728500366,0.5727434754371643,0.606978178024292,0.6412128806114197,0.6754475831985474,0.709682285785675,0.7439169883728027,0.7781516909599304,0.8123863935470581,0.8466210961341858,0.8808557987213135,0.9150905013084412,0.9493252038955688]},"rollout/ep_rew_mean":-134.30411,"rollout/ep_len_mean":200,"gradients/actor.mu.0.bias":{"_type":"histogram","values":[1,0,0,0,0,0,0,0,0,0,0,0,0,0,0,0,0,1,0,0,0,0,0,0,0,0,0,0,0,0,0,0,0,0,0,0,0,0,0,0,0,1,1,2,2,3,1,3,4,6,6,9,18,36,155,78,31,14,5,5,4,5,6,3],"bins":[-0.03326740488409996,-0.03265923261642456,-0.03205106034874916,-0.03144288808107376,-0.03083471767604351,-0.03022654540836811,-0.02961837314069271,-0.02901020273566246,-0.02840203046798706,-0.02779385820031166,-0.02718568593263626,-0.02657751366496086,-0.02596934325993061,-0.02536117099225521,-0.02475299872457981,-0.02414482645690441,-0.02353665605187416,-0.02292848378419876,-0.02232031151652336,-0.02171213924884796,-0.02110396698117256,-0.02049579657614231,-0.01988762430846691,-0.01927945204079151,-0.018671279773116112,-0.018063107505440712,-0.01745493710041046,-0.01684676483273506,-0.016238592565059662,-0.015630420297384262,-0.015022248961031437,-0.014414077624678612,-0.013805905357003212,-0.013197733089327812,-0.012589561752974987,-0.011981389485299587,-0.011373218148946762,-0.010765045881271362,-0.010156874544918537,-0.009548702277243137,-0.008940530940890312,-0.008332358673214912,-0.0077241868712008,-0.0071160150691866875,-0.006507842801511288,-0.005899670999497175,-0.005291499197483063,-0.00468332739546895,-0.004075155593454838,-0.0034669837914407253,-0.002858811989426613,-0.0022506399545818567,-0.0016424681525677443,-0.0010342963505536318,-0.0004261244321241975,0.0001820474280975759,0.0007902192883193493,0.0013983910903334618,0.0020065628923475742,0.0026147349271923304,0.003222906729206443,0.0038310785312205553,0.004439250566065311,0.005047422368079424,0.005655594170093536]},"train/learning_rate":0.001,"_step":750,"gradients/critic.qf0.2.weight":{"_type":"histogram","values":[1,0,0,0,0,0,0,0,2,0,1,0,0,2,2,2,1,0,2,5,5,1,5,9,8,15,12,17,22,29,23,24,26,32,45,144,116882,1937,389,149,68,47,26,17,14,8,9,3,5,2,1,0,3,2,0,1,0,0,1,0,0,0,0,1],"bins":[-2.697852611541748,-2.623779058456421,-2.5497055053710938,-2.4756319522857666,-2.4015586376190186,-2.3274850845336914,-2.2534115314483643,-2.179337978363037,-2.10526442527771,-2.031190872192383,-1.9571174383163452,-1.883043885231018,-1.8089704513549805,-1.7348968982696533,-1.6608233451843262,-1.5867499113082886,-1.5126763582229614,-1.4386028051376343,-1.3645293712615967,-1.2904558181762695,-1.2163822650909424,-1.1423088312149048,-1.0682352781295776,-0.9941617250442505,-0.9200882315635681,-0.8460147380828857,-0.7719411849975586,-0.6978676915168762,-0.6237941980361938,-0.5497206449508667,-0.4756471514701843,-0.40157362818717957,-0.3275001049041748,-0.25342658162117004,-0.17935307323932648,-0.10527955740690231,-0.03120604157447815,0.042867474257946014,0.11694099009037018,0.19101449847221375,0.2650880217552185,0.33916154503822327,0.413235068321228,0.4873085618019104,0.5613820552825928,0.6354556083679199,0.7095291018486023,0.7836026549339294,0.8576761484146118,0.9317496418952942,1.0058231353759766,1.0798966884613037,1.1539702415466309,1.2280436754226685,1.3021172285079956,1.3761907815933228,1.4502642154693604,1.5243377685546875,1.5984113216400146,1.6724848747253418,1.7465583086013794,1.8206318616867065,1.8947054147720337,1.9687788486480713,2.0428524017333984]},"gradients/critic.qf0.0.weight":{"values":[2,0,1,2,0,1,0,0,2,0,0,2,0,0,1,1,1,1,3,3,2,2,3,7,5,6,11,20,22,35,80,190,778,229,67,42,20,14,8,4,4,5,4,2,2,3,0,1,1,3,3,1,1,0,1,0,0,1,0,0,0,1,0,2],