{"gradients/q_net.q_net.0.weight":{"values":[4,0,1,1,1,1,0,2,4,1,2,3,6,8,8,14,17,22,30,44,77,107,44,32,20,12,11,3,3,5,3,2,5,2,6,1,1,1,0,1,0,1,0,0,1,1,0,1,0,0,1,0,0,0,1,0,0,0,0,0,0,0,0,1],"bins":[-0.41282784938812256,-0.393228143453598,-0.3736284673213959,-0.35402876138687134,-0.3344290852546692,-0.31482937932014465,-0.2952296733856201,-0.27562999725341797,-0.25603029131889343,-0.2364306002855301,-0.21683090925216675,-0.1972312033176422,-0.17763151228427887,-0.15803182125091553,-0.138432115316391,-0.11883242428302765,-0.0992327332496643,-0.07963304221630096,-0.060033343732357025,-0.040433648973703384,-0.020833954215049744,-0.001234259456396103,0.018365435302257538,0.03796513006091118,0.05756482481956482,0.07716451585292816,0.0967642143368721,0.11636391282081604,0.13596360385417938,0.15556329488754272,0.17516300082206726,0.1947626918554306,0.21436238288879395,0.2339620739221573,0.25356176495552063,0.27316147089004517,0.2927611470222473,0.31236085295677185,0.3319605588912964,0.35156023502349854,0.37115994095802307,0.3907596468925476,0.41035932302474976,0.4299590289592743,0.44955873489379883,0.469158411026001,0.4887581169605255,0.50835782289505,0.5279574990272522,0.5475571751594543,0.5671569108963013,0.5867565870285034,0.6063562631607056,0.6259559988975525,0.6455556750297546,0.6651553511619568,0.6847550868988037,0.7043547630310059,0.723954439163208,0.7435541152954102,0.7631538510322571,0.7827535271644592,0.8023532032966614,0.8219529390335083,0.8415526151657104],"_type":"histogram"},"_runtime":316.907463817,"rollout/exploration_rate":0.05,"time/fps":317,"gradients/q_net.q_net.4.weight":{"_type":"histogram","values":[2,1,1,1,0,0,1,1,0,1,0,1,2,3,0,6,1,5,7,3,7,8,3,4,2,4,3,2,4,4,3,0,2,1,3,4,2,5,3,3,5,5,1,3,1,3,3,2,4,25,5,5,8,8,12,10,14,13,14,6,2,2,1,1],"bins":[-0.23428770899772644,-0.22957466542720795,-0.22486163675785065,-0.22014859318733215,-0.21543556451797485,-0.21072252094745636,-0.20600947737693787,-0.20129644870758057,-0.19658340513706207,-0.19187037646770477,-0.18715733289718628,-0.18244428932666779,-0.17773126065731049,-0.173018217086792,-0.1683051884174347,-0.1635921448469162,-0.1588791012763977,-0.1541660726070404,-0.1494530290365219,-0.1447400003671646,-0.14002695679664612,-0.13531392812728882,-0.13060088455677032,-0.12588784098625183,-0.12117481231689453,-0.11646176874637604,-0.11174873262643814,-0.10703569650650024,-0.10232266038656235,-0.09760962426662445,-0.09289658069610596,-0.08818354457616806,-0.08347050100564957,-0.07875746488571167,-0.07404442876577377,-0.06933138519525528,-0.06461834907531738,-0.059905312955379486,-0.05519227683544159,-0.050479236990213394,-0.0457662008702755,-0.0410531647503376,-0.036340124905109406,-0.03162708878517151,-0.026914050802588463,-0.022201012820005417,-0.01748797670006752,-0.012774938717484474,-0.008061900734901428,-0.0033488632179796696,0.001364174298942089,0.006077211815863848,0.010790249332785606,0.015503287315368652,0.02021632343530655,0.024929361417889595,0.02964239940047264,0.03435543552041054,0.03906847536563873,0.04378151148557663,0.048494547605514526,0.05320758745074272,0.05792062357068062,0.06263366341590881,0.06734669953584671]},"_wandb":{"runtime":316},"gradients/q_net.q_net.2.weight":{"values":[2,2,0,0,0,2,2,0,2,3,2,6,1,6,6,6,9,8,16,19,28,30,33,42,67,74,81,128,123,142,235,236,353,644,326,250,214,189,194,134,100,77,53,58,41,37,21,16,11,13,8,8,4,6,7,8,3,3,2,1,0,2,1,1],"bins":[-0.08826648443937302,-0.08561242371797562,-0.08295835554599762,-0.08030429482460022,-0.07765022665262222,-0.07499616593122482,-0.07234209775924683,-0.06968803703784943,-0.06703396886587143,-0.06437990814447403,-0.06172584369778633,-0.05907177925109863,-0.056417714804410934,-0.053763650357723236,-0.05110958591103554,-0.04845552146434784,-0.04580145701766014,-0.04314739257097244,-0.040493328124284744,-0.037839263677597046,-0.03518519923090935,-0.03253113478422165,-0.0298770722001791,-0.0272230077534914,-0.024568943306803703,-0.021914878860116005,-0.019260814413428307,-0.016606749966740608,-0.013952686451375484,-0.011298622004687786,-0.008644558489322662,-0.005990494042634964,-0.0033364295959472656,-0.0006823653820902109,0.001971698831766844,0.004625762812793255,0.007279827259480953,0.009933891706168652,0.012587955221533775,0.015242019668221474,0.017896084114909172,0.02055014856159687,0.02320421300828457,0.025858277454972267,0.028512340039014816,0.031166404485702515,0.03382046893239021,0.03647453337907791,0.03912859782576561,0.04178266227245331,0.044436726719141006,0.047090791165828705,0.0497448556125164,0.0523989200592041,0.0550529845058918,0.0577070489525795,0.0603611096739769,0.0630151778459549,0.0656692385673523,0.06832330673933029,0.07097736746072769,0.07363143563270569,0.07628549635410309,0.07893956452608109,0.08159362524747849],"_type":"histogram"},"gradients/q_net.q_net.4.bias":{"bins":[-0.08694350719451904,-0.08522660285234451,-0.08350969105958939,-0.08179278671741486,-0.08007587492465973,-0.0783589705824852,-0.07664205878973007,-0.07492515444755554,-0.07320824265480042,-0.07149133831262589,-0.06977442651987076,-0.06805752217769623,-0.0663406103849411,-0.06462370604276657,-0.06290679425001144,-0.061189889907836914,-0.059472981840372086,-0.05775607377290726,-0.05603916570544243,-0.0543222576379776,-0.05260534957051277,-0.05088844150304794,-0.049171533435583115,-0.047454625368118286,-0.045737721025943756,-0.04402081295847893,-0.0423039048910141,-0.04058699682354927,-0.03887008875608444,-0.037153180688619614,-0.035436272621154785,-0.03371936455368996,-0.03200245648622513,-0.0302855484187603,-0.02856864035129547,-0.026851732283830643,-0.025134824216365814,-0.023417918011546135,-0.021701009944081306,-0.019984101876616478,-0.01826719380915165,-0.01655028574168682,-0.014833377674221992,-0.013116470538079739,-0.01139956247061491,-0.009682654403150082,-0.007965747267007828,-0.006248839199542999,-0.004531931132078171,-0.002815023297443986,-0.001098115462809801,0.0006187923718243837,0.0023357002064585686,0.004052608273923397,0.005769515875726938,0.007486423477530479,0.009203331544995308,0.010920239612460136,0.012637147679924965,0.014354054816067219,0.016070961952209473,0.0177878700196743,0.01950477808713913,0.021221686154603958,0.022938594222068787],"_type":"histogram","values":[1,0,0,0,0,0,0,0,0,0,0,0,0,0,1,0,0,0,0,0,0,0,0,0,0,0,0,0,0,0,0,0,0,0,0,0,0,0,0,0,0,0,0,0,0,0,0,1,0,0,0,0,0,0,0,0,0,0,0,0,0,0,0,1]},"global_step":97827,"gradients/q_net.q_net.0.bias":{"bins":[-0.4362785518169403,-0.4179880917072296,-0.3996976315975189,-0.3814071714878082,-0.3631167411804199,-0.34482628107070923,-0.32653582096099854,-0.30824536085128784,-0.28995490074157715,-0.27166444063186646,-0.25337398052215576,-0.23508353531360626,-0.21679307520389557,-0.19850261509418488,-0.18021216988563538,-0.16192170977592468,-0.143631249666214,-0.1253407895565033,-0.1070503368973732,-0.0887598842382431,-0.07046942412853241,-0.052178967744112015,-0.03388851135969162,-0.015598054975271225,0.00269240140914917,0.020982857793569565,0.03927331417798996,0.057563770562410355,0.07585422694683075,0.09414468705654144,0.11243513971567154,0.13072559237480164,0.14901602268218994,0.16730648279190063,0.18559694290161133,0.20388738811016083,0.22217784821987152,0.24046830832958221,0.2587587535381317,0.2770492136478424,0.2953396737575531,0.3136301338672638,0.3319205939769745,0.3502110540866852,0.3685014843940735,0.3867919445037842,0.4050824046134949,0.42337286472320557,0.44166332483291626,0.45995378494262695,0.47824424505233765,0.49653470516204834,0.514825165271759,0.5331156253814697,0.5514060854911804,0.5696965456008911,0.587986946105957,0.6062774062156677,0.6245678663253784,0.6428583264350891,0.6611487865447998,0.6794392466545105,0.6977297067642212,0.7160201668739319,0.7343106269836426],"_type":"histogram","values":[2,1,0,0,0,1,0,0,1,2,1,1,2,0,3,3,1,2,4,2,1,1,1,2,0,2,6,3,4,1,2,2,1,1,1,0,1,0,1,1,1,0,0,1,0,1,0,1,0,0,1,1,0,0,0,0,0,0,0,0,0,0,0,1]},"train/loss":1.8046851,"gradients/q_net.q_net.2.bias":{"_type":"histogram",