{"parameters/action_net.bias":{"values":[1],"bins":[0,0],"_type":"histogram"},"parameters/log_std":{"values":[1],"bins":[0,0],"_type":"histogram"},"parameters/mlp_extractor.policy_net.2.weight":{"bins":[-0.5899159908294678,-0.5719525814056396,-0.5539892315864563,-0.5360258221626282,-0.5180624723434448,-0.5000990629196167,-0.48213568329811096,-0.4641723036766052,-0.4462089240550995,-0.42824554443359375,-0.410282164812088,-0.3923187851905823,-0.37435537576675415,-0.3563919961452484,-0.3384286165237427,-0.32046523690223694,-0.3025018572807312,-0.28453847765922546,-0.2665750980377197,-0.2486117035150528,-0.23064832389354706,-0.21268494427204132,-0.1947215497493744,-0.17675817012786865,-0.15879479050636292,-0.14083141088485718,-0.12286802381277084,-0.10490463674068451,-0.08694125711917877,-0.06897787749767303,-0.0510144904255867,-0.033051107078790665,-0.015087664127349854,0.0028757192194461823,0.020839102566242218,0.038802485913038254,0.05676586925983429,0.07472924888134003,0.09269263595342636,0.1106560230255127,0.12861940264701843,0.14658278226852417,0.1645461618900299,0.18250955641269684,0.20047293603420258,0.2184363156557083,0.23639971017837524,0.254363089799881,0.2723264694213867,0.29028984904289246,0.3082532286643982,0.32621660828590393,0.34417998790740967,0.3621433973312378,0.38010677695274353,0.39807015657424927,0.416033536195755,0.43399691581726074,0.4519602954387665,0.4699236750602722,0.48788708448410034,0.5058504343032837,0.5238138437271118,0.5417771935462952,0.5597406029701233],"_type":"histogram","values":[1,3,4,2,1,4,2,5,9,13,13,14,22,21,32,35,42,51,59,72,81,93,108,121,103,130,133,149,153,164,154,162,158,158,162,129,155,170,127,126,133,112,91,80,86,69,78,63,51,56,25,17,20,17,12,16,8,10,4,2,2,0,1,2]},"parameters/mlp_extractor.value_net.2.weight":{"values":[2,3,4,6,3,11,6,7,15,20,22,43,32,50,44,74,86,83,107,94,120,148,122,139,157,176,165,199,176,153,163,188,165,165,149,145,101,108,96,110,62,80,56,47,43,30,27,20,15,18,10,9,9,4,3,2,1,1,1,0,0,0,0,1],"bins":[-0.552749514579773,-0.5334444642066956,-0.5141394138336182,-0.49483439326286316,-0.47552937269210815,-0.45622432231903076,-0.43691927194595337,-0.41761425137519836,-0.39830920100212097,-0.3790041506290436,-0.3596991300582886,-0.3403940796852112,-0.3210890293121338,-0.3017840087413788,-0.2824789583683014,-0.2631739377975464,-0.243868887424469,-0.2245638519525528,-0.2052588164806366,-0.1859537661075592,-0.166648730635643,-0.1473436951637268,-0.12803864479064941,-0.10873360931873322,-0.08942857384681702,-0.07012353837490082,-0.05081849545240402,-0.031513456255197525,-0.012208417057991028,0.007096622139215469,0.026401661336421967,0.045706700533628464,0.06501179933547974,0.08431683480739594,0.10362187772989273,0.12292692065238953,0.14223195612430573,0.16153699159622192,0.18084204196929932,0.20014707744121552,0.2194521129131317,0.2387571483850479,0.2580621838569641,0.2773672342300415,0.2966722846031189,0.3159773051738739,0.3352823555469513,0.3545873761177063,0.3738924264907837,0.3931974768638611,0.4125024974346161,0.4318075478076935,0.4511125683784485,0.4704176187515259,0.48972266912460327,0.5090277194976807,0.5283327102661133,0.5476377606391907,0.5669428110122681,0.5862478613853455,0.6055529117584229,0.6248579621315002,0.6441629528999329,0.6634680032730103,0.6827730536460876],"_type":"histogram"},"parameters/mlp_extractor.policy_net.0.bias":{"_type":"histogram","values":[64],"bins":[0,0]},"global_step":2048,"parameters/action_net.weight":{"bins":[-0.0027689700946211815,-0.0026630612555891275,-0.0025571524165570736,-0.0024512435775250196,-0.002345334505662322,-0.002239425666630268,-0.002133516827598214,-0.00202760798856616,-0.0019216991495341063,-0.0018157901940867305,-0.0017098813550546765,-0.0016039725160226226,-0.0014980635605752468,-0.0013921547215431929,-0.001286245882511139,-0.0011803369270637631,-0.0010744280880317092,-0.0009685191907919943,-0.0008626103517599404,-0.0007567014545202255,-0.0006507926154881716,-0.0005448837182484567,-0.00043897482100874186,-0.00033306595287285745,-0.00022715708473697305,-0.00012124820932513103,-1.533933391328901e-05,9.056954149855301e-05,0.00019647841691039503,0.00030238728504627943,0.0004082961822859943,0.0005142050213180482,0.0006201139185577631,0.000726022815797478,0.0008319316548295319,0.0009378405520692468,0.0010437493911013007,0.0011496583465486765,0.0012555671855807304,0.0013614760246127844,0.0014673848636448383,0.001573293819092214,0.001679202658124268,0.001785111497156322,0.0018910204526036978,0.0019969292916357517,0.0021028381306678057,0.0022087469696998596,0.0023146560415625572,0.002420564880594611,0.002526473719626665,0.002632382558658719,0.002738291397690773,0.002844200236722827,0.002950109075754881,0.0030560181476175785,0.0031619269866496325,0.0032678358256816864,0.0033737446647137403,0.0034796535037457943,0.0035855623427778482,0.003691471414640546,0.0037973802536726,0.0039032890927046537,0.004009197931736708],"_type":"histogram","values":[1,0,1,0,1,1,0,0,1,1,0,1,1,1,4,0,2,2,1,1,2,0,1,2,3,2,6,0,3,2,2,3,3,1,1,2,0,3,3,0,1,1,1,0,0,1,0,0,0,0,0,1,0,0,0,0,0,0,0,0,0,0,0,1]},"_wandb":{"runtime":6},"_timestamp":1.7440566433297129e+09,"parameters/value_net.weight":{"bins":[-0.2783948481082916,-0.270207017660141,-0.26201915740966797,-0.25383132696151733,-0.2456434816122055,-0.23745563626289368,-0.22926779091358185,-0.22107994556427002,-0.21289211511611938,-0.20470426976680756,-0.19651642441749573,-0.1883285790681839,-0.18014073371887207,-0.17195288836956024,-0.1637650579214096,-0.15557721257209778,-0.14738936722278595,-0.13920152187347412,-0.1310136765241623,-0.12282583862543106,-0.11463800072669983,-0.106450155377388,-0.09826231002807617,-0.09007447212934494,-0.08188662678003311,-0.07369878143072128,-0.06551094353199005,-0.05732309818267822,-0.04913525655865669,-0.04094741493463516,-0.032759569585323334,-0.024571727961301804,-0.016383886337280273,-0.008196043781936169,-8.201226592063904e-06,0.00817964132875204,0.016367483884096146,0.024555325508117676,0.032743170857429504,0.040931012481451035,0.049118854105472565,0.057306695729494095,0.06549453735351562,0.07368238270282745,0.08187022805213928,0.09005806595087051,0.09824591130018234,0.10643374919891357,0.1146215945482254,0.12280943989753723,0.13099728524684906,0.1391851156949997,0.14737296104431152,0.15556080639362335,0.16374865174293518,0.171936497092247,0.18012434244155884,0.18831217288970947,0.1965000182390213,0.20468786358833313,0.21287570893764496,0.2210635542869568,0.22925138473510742,0.23743923008441925,0.24562707543373108],"_type":"histogram","values":[1,0,0,0,2,0,0,1,0,1,0,0,1,2,0,0,0,1,0,2,6,0,1,1,0,0,2,0,1,4,2,1,1,3,2,1,0,3,1,2,4,2,1,3,0,0,0,2,0,0,1,0,1,0,1,1,0,0,1,1,1,0,0,3]},"parameters/mlp_extractor.value_net.2.bias":{"values":[64],"bins":[0,0],"_type":"histogram"},"parameters/mlp_extractor.value_net.0.weight":{"_type":"histogram","values":[1,0,0,0,2,2,1,0,2,0,1,2,3,1,3,2,5,4,1,5,4,5,7,7,3,5,2,5,3,5,7,5,8,6,4,4,6,8,1,4,10,4,3,4,3,6,2,5,0,1,5,1,2,1,2,1,2,1,0,0,2,0,0,3],